{"cameraMode":{"drawMode":0,"name":"Shaded","section":"Shading Mode"},"sceneLighting":true,"audioPlay":false,"sceneViewState":{"m_AlwaysRefresh":false,"showFog":true,"showSkybox":true,"showFlares":true,"showImageEffects":true,"showParticleSystems":true,"showVisualEffectGraphs":true,"m_FxEnabled":true},"in2DMode":false,"pivot":{"x":3.119783639907837,"y":2.6671128273010256,"z":-5.998589038848877},"rotation":{"x":0.1261616051197052,"y":-0.2901194989681244,"z":0.038585763424634936,"w":0.9478973746299744},"size":2.5387325286865236,"orthographic":false}