{"cameraMode":{"drawMode":0,"name":"Shaded","section":"Shading Mode"},"sceneLighting":true,"audioPlay":false,"sceneViewState":{"m_AlwaysRefresh":false,"showFog":true,"showSkybox":true,"showFlares":true,"showImageEffects":true,"showParticleSystems":true,"showVisualEffectGraphs":true,"m_FxEnabled":true},"in2DMode":false,"pivot":{"x":5.3292036056518559,"y":2.477591037750244,"z":-5.125142574310303},"rotation":{"x":0.0815000981092453,"y":-0.30870115756988528,"z":0.026528503745794297,"w":0.9473344683647156},"size":2.5387325286865236,"orthographic":false}